
{"currentFrameRate":110.605034,
"devices":[
],
"hands":[

{"armBasis":[
[
-0.981536,-0.130137,-0.140181],[
-0.187031,0.806521,0.560841],[
-0.040073,-0.576704,0.815969]],
"armWidth":54.840313,
"confidence":1.000000,
"direction":[
0.023320,0.223052,-0.974527],
"elbow":[
-92.576294,56.790501,293.706299],
"grabAngle":0.376025,
"grabStrength":0.000000,
"id":200,
"palmNormal":[
0.192089,-0.957629,-0.214588],
"palmPosition":[
-72.939194,218.663452,20.758717],
"palmVelocity":[
-19.176596,3.135206,2.485485],
"palmWidth":84.741051,
"pinchDistance":78.402542,
"pinchStrength":0.000000,
"timeVisible":13.757248,
"type":"left",
"wrist":[
-82.499786,201.805496,88.527031]}],
"id":429586,
"pointables":[

{"bases":[
[
[
-0.562051,0.826741,-0.024456],[
0.694578,0.487843,0.528745],[
-0.449066,-0.280195,0.848428]],[
[
-0.389336,0.892275,-0.228609],[
0.494121,0.411782,0.765690],[
-0.777343,-0.185150,0.601213]],[
[
-0.396548,0.890475,-0.223167],[
0.470796,0.405961,0.783292],[
-0.788099,-0.205547,0.580215]],[
[
-0.413991,0.885472,-0.211071],[
0.414385,0.389779,0.822409],[
-0.810492,-0.253005,0.528292]]],
"btipPosition":[
14.192584,222.457260,19.523090],
"carpPosition":[
-54.091621,204.762665,69.984161],
"dipPosition":[
1.835132,218.599731,27.577879],
"direction":[
0.788099,0.205547,-0.580215],
"extended":true,
"handId":200,
"id":2000,
"length":44.193546,
"mcpPosition":[
-54.091621,204.762665,69.984161],
"pipPosition":[
-20.977734,212.649841,44.373192],
"timeVisible":13.757248,
"tipPosition":[
14.192584,222.457260,19.523090],
"type":0,
"width":16.799809},
{"bases":[
[
[
-0.963257,-0.142155,-0.227878],[
-0.162118,0.984190,0.071328],[
-0.214136,-0.105650,0.971074]],[
[
-0.962424,-0.141380,-0.231842],[
-0.195823,0.952837,0.231851],[
-0.188129,-0.268540,0.944719]],[
[
-0.959911,-0.140594,-0.242495],[
-0.103460,0.981737,-0.159650],[
-0.260512,0.128161,0.956926]],[
[
-0.956319,-0.145271,-0.253672],[
0.039536,0.795528,-0.604626],[
-0.289638,0.588245,0.755035]]],
"btipPosition":[
-35.057152,231.114227,-60.153721],
"carpPosition":[
-64.900696,223.169510,67.896416],
"dipPosition":[
-38.210896,237.519379,-51.932461],
"direction":[
0.260512,-0.128161,-0.956926],
"extended":true,
"handId":200,
"id":2001,
"length":49.008038,
"mcpPosition":[
-50.228748,230.408325,1.361331],
"pipPosition":[
-43.443581,240.093643,-32.711498],
"timeVisible":13.757248,
"tipPosition":[
-35.057152,231.114227,-60.153721],
"type":1,
"width":16.047178},
{"bases":[
[
[
-0.941486,-0.320805,-0.103386],[
-0.327296,0.943430,0.053078],[
-0.080510,-0.083810,0.993224]],[
[
-0.941053,-0.336880,-0.030507],[
-0.325519,0.877400,0.352430],[
0.091960,-0.341586,0.935341]],[
[
-0.942143,-0.329936,-0.059236],[
-0.334681,0.935782,0.110911],[
-0.018839,-0.124319,0.992063]],[
[
-0.937769,-0.331760,-0.102588],[
-0.297976,0.920469,-0.252878],[
-0.178324,0.206572,0.962044]]],
"btipPosition":[
-71.757408,243.171875,-74.636749],
"carpPosition":[
-75.846962,223.246277,63.877087],
"dipPosition":[
-73.932228,245.691208,-62.903778],
"direction":[
0.018839,0.124319,-0.992063],
"extended":true,
"handId":200,
"id":2002,
"length":56.783092,
"mcpPosition":[
-70.615730,228.691940,-0.659160],
"pipPosition":[
-74.386017,242.696655,-39.007286],
"timeVisible":13.757248,
"tipPosition":[
-71.757408,243.171875,-74.636749],
"type":2,
"width":15.760461},
{"bases":[
[
[
-0.915702,-0.399842,0.040197],[
-0.396124,0.914947,0.077190],[
0.067642,-0.054760,0.996206]],[
[
-0.892973,-0.422393,0.155508],[
-0.330310,0.849648,0.411088],[
0.305768,-0.315725,0.898233]],[
[
-0.898039,-0.418031,0.137029],[
-0.388463,0.899733,0.198940],[
0.206453,-0.125425,0.970384]],[
[
-0.901670,-0.418415,0.109180],[
-0.429663,0.895374,-0.117024],[
0.048792,0.152428,0.987109]]],
"btipPosition":[
-107.115807,235.398117,-65.439056],
"carpPosition":[
-86.158028,219.148483,61.390030],
"dipPosition":[
-106.524536,237.245255,-53.477146],
"direction":[
-0.206453,0.125425,-0.970384],
"extended":true,
"handId":200,
"id":2003,
"length":54.466061,
"mcpPosition":[
-90.104149,222.343094,3.273331],
"pipPosition":[
-101.694572,234.310928,-30.775005],
"timeVisible":13.757248,
"tipPosition":[
-107.115807,235.398117,-65.439056],
"type":3,
"width":14.997078},
{"bases":[
[
[
-0.823596,-0.549135,0.141917],[
-0.526184,0.833162,0.170210],[
0.211708,-0.065510,0.975135]],[
[
-0.724642,-0.581855,0.369240],[
-0.397590,0.790641,0.465627],[
0.562864,-0.190607,0.804272]],[
[
-0.742050,-0.578012,0.339504],[
-0.510155,0.815490,0.273346],[
0.434860,-0.029637,0.900010]],[
[
-0.759224,-0.582801,0.289693],[
-0.617643,0.785520,-0.038415],[
0.205171,0.208092,0.956348]]],
"btipPosition":[
-133.568680,217.185623,-41.584320],
"carpPosition":[
-95.535652,209.740158,61.230129],
"dipPosition":[
-131.249161,219.538162,-30.772533],
"direction":[
-0.434860,0.029637,-0.900010],
"extended":true,
"handId":200,
"id":2004,
"length":43.111420,
"mcpPosition":[
-106.968498,213.277893,8.569983],
"pipPosition":[
-123.995255,219.043793,-15.759439],
"timeVisible":13.757248,
"tipPosition":[
-133.568680,217.185623,-41.584320],
"type":4,
"width":13.321577}],
"timestamp":6553827822}